<?xml version="1.0" encoding="utf-8"?>
<!--/13602035/759172/2.49/3/2/Schottky Diode/-->
<quadcept_library>
  <setting unit="mil" />
  <textstyle name="Default" height="47.244094488189" strokewidth="7.8740157480315" charwidth="47.244094488189" />
  <textstyle name="Dimension" height="19.6850393700787" strokewidth="0" charwidth="19.6850393700787" />
  <textstyle name="H127W0635TH00762" height="50" strokewidth="3" charwidth="25" />
  <textstyle name="H15W15TH02" height="59.0551181102362" strokewidth="7.8740157480315" charwidth="59.0551181102362" />
  <padstyle name="r300_160" surface="True" plated="False" isvia="False" nopaste="False" nomask="True" complex="False" holesize="0">
    <padshape layer="TOP" shape="rectangle" width="62.992125984251" height="118.11023622047" />
    <padshape layer="TOP_SOLDER_MASK" shape="rectangle" width="70.866141732283" height="125.9842519685" />
    <padshape layer="TOP_SOLDER_PASTE" shape="rectangle" width="62.992125984251" height="118.11023622047" />
  </padstyle>
  <padstyle name="r600_600" surface="True" plated="False" isvia="False" nopaste="False" nomask="True" complex="False" holesize="0">
    <padshape layer="TOP" shape="rectangle" width="236.22047244094" height="236.22047244094" />
    <padshape layer="TOP_SOLDER_MASK" shape="rectangle" width="244.09448818897" height="244.09448818897" />
    <padshape layer="TOP_SOLDER_PASTE" shape="rectangle" width="236.22047244094" height="236.22047244094" />
  </padstyle>
  <footprint name="RD3P175SNFRATL" originx="0" originy="0" pickpointx="0" pickpointy="0">
    <pcbpin number="1" name="1" style="r300_160" originx="-90.551181102361" originy="-167.32283464567" rotation="0" />
    <pcbpin number="2" name="2" style="r600_600" originx="0" originy="88.582677165353" rotation="0" />
    <pcbpin number="3" name="3" style="r300_160" originx="90.551181102361" originy="-167.32283464567" rotation="0" />
    <line layer="TOP_ASSEMBLY" originx="-129.92125984252" originy="167.32283464567" endx="129.92125984252" endy="167.32283464567" width="3.9370078740157" />
    <line layer="TOP_ASSEMBLY" originx="129.92125984252" originy="167.32283464567" endx="129.92125984252" endy="-76.771653543306" width="3.9370078740157" />
    <line layer="TOP_ASSEMBLY" originx="129.92125984252" originy="-76.771653543306" endx="-129.92125984252" endy="-76.771653543306" width="3.9370078740157" />
    <line layer="TOP_ASSEMBLY" originx="-129.92125984252" originy="-76.771653543306" endx="-129.92125984252" endy="167.32283464567" width="3.9370078740157" />
    <line layer="TOP_PLACE_BOUND" originx="-169.29133858268" originy="246.06299212598" endx="169.29133858268" endy="246.06299212598" width="3.9370078740157" />
    <line layer="TOP_PLACE_BOUND" originx="169.29133858268" originy="246.06299212598" endx="169.29133858268" endy="-265.74803149606" width="3.9370078740157" />
    <line layer="TOP_PLACE_BOUND" originx="169.29133858268" originy="-265.74803149606" endx="-169.29133858268" endy="-265.74803149606" width="3.9370078740157" />
    <line layer="TOP_PLACE_BOUND" originx="-169.29133858268" originy="-265.74803149606" endx="-169.29133858268" endy="246.06299212598" width="3.9370078740157" />
    <line layer="TOP_SILKSCREEN" originx="-90.551181102361" originy="-244.09448818897" endx="-90.551181102361" endy="-244.09448818897" width="3.9370078740157" />
    <arc layer="TOP_SILKSCREEN" originx="-90.551181102361" originy="-246.06299212598" startangle="90.0" sweepangle="180.0" radius="1.9685039370078" width="3.9370078740157" />
    <line layer="TOP_SILKSCREEN" originx="-90.551181102361" originy="-248.03149606299" endx="-90.551181102361" endy="-248.03149606299" width="3.9370078740157" />
    <arc layer="TOP_SILKSCREEN" originx="-90.551181102361" originy="-246.06299212598" startangle="-90.0" sweepangle="180.0" radius="1.9685039370078" width="3.9370078740157" />
    <line layer="TOP_SILKSCREEN" originx="-129.92125984252" originy="-39.370078740157" endx="-129.92125984252" endy="-76.771653543306" width="7.8740157480314" />
    <line layer="TOP_SILKSCREEN" originx="-129.92125984252" originy="-76.771653543306" endx="129.92125984252" endy="-76.771653543306" width="7.8740157480314" />
    <line layer="TOP_SILKSCREEN" originx="129.92125984252" originy="-76.771653543306" endx="129.92125984252" endy="-39.370078740157" width="7.8740157480314" />
  </footprint>
  <symbol name="RB098BM100TL" originx="0" originy="0">
    <line originx="200" originy="100" endx="1200" endy="100" width="0" />
    <line originx="1200" originy="-200" endx="1200" endy="100" width="0" />
    <line originx="1200" originy="-200" endx="200" endy="-200" width="0" />
    <line originx="200" originy="100" endx="200" endy="-200" width="0" />
    <sympin number="1" originx="200" originy="0" rotation="180" length="100" width="7.8740157480315" flipped="False">
      <text name="pinname" originx="230" originy="0" style="Default" rotation="0" justify="left" flipped="False" hidden="False" data="ANODE_1" />
      <text name="pindes" originx="140" originy="20" style="Default" rotation="0" justify="lowerright" flipped="False" hidden="False" data="1" />
    </sympin>
    <sympin number="2" originx="1200" originy="0" rotation="0" length="100" width="7.8740157480315" flipped="False">
      <text name="pinname" originx="1170" originy="0" style="Default" rotation="0" justify="right" flipped="False" hidden="False" data="CATHODE" />
      <text name="pindes" originx="1260" originy="20" style="Default" rotation="0" justify="lowerleft" flipped="False" hidden="False" data="2" />
    </sympin>
    <sympin number="3" originx="200" originy="-100" rotation="180" length="100" width="7.8740157480315" flipped="False">
      <text name="pinname" originx="230" originy="-100" style="Default" rotation="0" justify="left" flipped="False" hidden="False" data="ANODE_2" />
      <text name="pindes" originx="140" originy="-80" style="Default" rotation="0" justify="lowerright" flipped="False" hidden="False" data="3" />
    </sympin>
  </symbol>
  <component name="RB098BM100TL" designatorprefix="D" height="0" footprint="RD3P175SNFRATL">
    <comppin designator="1" sympin="1" pinswap="0" gateswap="0" gate="1" group="1" side="" type="Any" name="ANODE_1" />
    <comppin designator="2" sympin="2" pinswap="0" gateswap="0" gate="1" group="1" side="" type="Any" name="CATHODE" />
    <comppin designator="3" sympin="3" pinswap="0" gateswap="0" gate="1" group="1" side="" type="Any" name="ANODE_2" />
    <attached_symbol gate="1" name="RB098BM100TL" />
    <pinmap designator="1" footprintpin="1" />
    <pinmap designator="2" footprintpin="2" />
    <pinmap designator="3" footprintpin="3" />
    <text name="Datasheet" originx="0" originy="0" style="Default" rotation="0" justify="" flipped="False" hidden="True" data="https://fscdn.rohm.com/en/products/databook/datasheet/discrete/diode/schottky_barrier/rb098bm100tl-e.pdf" />
    <text name="Description" originx="0" originy="0" style="Default" rotation="0" justify="" flipped="False" hidden="True" data="Super Low IR, 100V, 6A, TO-252 (DPAK), Schottky Barrier Diode" />
    <text name="Mouser Part Number" originx="0" originy="0" style="Default" rotation="0" justify="" flipped="False" hidden="True" data="755-RB098BM100TL" />
    <text name="Mouser Price/Stock" originx="0" originy="0" style="Default" rotation="0" justify="" flipped="False" hidden="True" data="https://www.mouser.co.uk/ProductDetail/ROHM-Semiconductor/RB098BM100TL?qs=4v%252BiZTmLVHG%252Bti6Axozq1Q%3D%3D" />
    <text name="Manufacturer_Name" originx="0" originy="0" style="Default" rotation="0" justify="" flipped="False" hidden="True" data="ROHM Semiconductor" />
    <text name="Manufacturer_Part_Number" originx="1250" originy="200" style="Default" rotation="0" justify="left" flipped="False" hidden="False" data="RB098BM100TL" />
  </component>
</quadcept_library>
